,type,clothes,category,category_code,file_code,label,name,pic_path,mask_path
0,train,minzu,miao,0,1,"[1, 0, 0, 0, 0, 0, 0, 0, 0, 0]",0_miao_1.jpg,data/train/miao/0_miao_1.jpg,mask/miao/0_miao_1.jpg
1,train,minzu,miao,0,2,"[1, 0, 0, 0, 0, 0, 0, 0, 0, 0]",0_miao_2.jpg,data/train/miao/0_miao_2.jpg,mask/miao/0_miao_2.jpg
2,train,minzu,miao,0,3,"[1, 0, 0, 0, 0, 0, 0, 0, 0, 0]",0_miao_3.jpg,data/train/miao/0_miao_3.jpg,mask/miao/0_miao_3.jpg
3,train,minzu,miao,0,4,"[1, 0, 0, 0, 0, 0, 0, 0, 0, 0]",0_miao_4.jpg,data/train/miao/0_miao_4.jpg,mask/miao/0_miao_4.jpg
4,train,minzu,miao,0,5,"[1, 0, 0, 0, 0, 0, 0, 0, 0, 0]",0_miao_5.jpg,data/train/miao/0_miao_5.jpg,mask/miao/0_miao_5.jpg
5,train,minzu,miao,0,6,"[1, 0, 0, 0, 0, 0, 0, 0, 0, 0]",0_miao_6.png,data/train/miao/0_miao_6.png,mask/miao/0_miao_6.png
6,train,minzu,miao,0,7,"[1, 0, 0, 0, 0, 0, 0, 0, 0, 0]",0_miao_7.jpg,data/train/miao/0_miao_7.jpg,mask/miao/0_miao_7.jpg
7,train,minzu,miao,0,8,"[1, 0, 0, 0, 0, 0, 0, 0, 0, 0]",0_miao_8.jpg,data/train/miao/0_miao_8.jpg,mask/miao/0_miao_8.jpg
8,train,minzu,miao,0,9,"[1, 0, 0, 0, 0, 0, 0, 0, 0, 0]",0_miao_9.jpg,data/train/miao/0_miao_9.jpg,mask/miao/0_miao_9.jpg
9,train,minzu,miao,0,10,"[1, 0, 0, 0, 0, 0, 0, 0, 0, 0]",0_miao_10.jpg,data/train/miao/0_miao_10.jpg,mask/miao/0_miao_10.jpg
10,train,minzu,miao,0,11,"[1, 0, 0, 0, 0, 0, 0, 0, 0, 0]",0_miao_11.jpg,data/train/miao/0_miao_11.jpg,mask/miao/0_miao_11.jpg
11,train,minzu,miao,0,12,"[1, 0, 0, 0, 0, 0, 0, 0, 0, 0]",0_miao_12.png,data/train/miao/0_miao_12.png,mask/miao/0_miao_12.png
12,train,minzu,yi,1,1,"[0, 1, 0, 0, 0, 0, 0, 0, 0, 0]",1_yi_1.jpg,data/train/yi/1_yi_1.jpg,mask/yi/1_yi_1.jpg
13,train,minzu,yi,1,2,"[0, 1, 0, 0, 0, 0, 0, 0, 0, 0]",1_yi_2.jpg,data/train/yi/1_yi_2.jpg,mask/yi/1_yi_2.jpg
14,train,minzu,yi,1,3,"[0, 1, 0, 0, 0, 0, 0, 0, 0, 0]",1_yi_3.jpg,data/train/yi/1_yi_3.jpg,mask/yi/1_yi_3.jpg
15,train,minzu,yi,1,4,"[0, 1, 0, 0, 0, 0, 0, 0, 0, 0]",1_yi_4.jpg,data/train/yi/1_yi_4.jpg,mask/yi/1_yi_4.jpg
16,train,minzu,yi,1,5,"[0, 1, 0, 0, 0, 0, 0, 0, 0, 0]",1_yi_5.jpg,data/train/yi/1_yi_5.jpg,mask/yi/1_yi_5.jpg
17,train,minzu,yi,1,6,"[0, 1, 0, 0, 0, 0, 0, 0, 0, 0]",1_yi_6.jpg,data/train/yi/1_yi_6.jpg,mask/yi/1_yi_6.jpg
18,train,minzu,yi,1,7,"[0, 1, 0, 0, 0, 0, 0, 0, 0, 0]",1_yi_7.jpg,data/train/yi/1_yi_7.jpg,mask/yi/1_yi_7.jpg
19,train,minzu,yi,1,8,"[0, 1, 0, 0, 0, 0, 0, 0, 0, 0]",1_yi_8.jpg,data/train/yi/1_yi_8.jpg,mask/yi/1_yi_8.jpg
20,train,minzu,yi,1,9,"[0, 1, 0, 0, 0, 0, 0, 0, 0, 0]",1_yi_9.jpg,data/train/yi/1_yi_9.jpg,mask/yi/1_yi_9.jpg
21,train,minzu,yi,1,10,"[0, 1, 0, 0, 0, 0, 0, 0, 0, 0]",1_yi_10.jpg,data/train/yi/1_yi_10.jpg,mask/yi/1_yi_10.jpg
22,train,minzu,yi,1,11,"[0, 1, 0, 0, 0, 0, 0, 0, 0, 0]",1_yi_11.jpg,data/train/yi/1_yi_11.jpg,mask/yi/1_yi_11.jpg
23,train,minzu,yi,1,12,"[0, 1, 0, 0, 0, 0, 0, 0, 0, 0]",1_yi_12.jpg,data/train/yi/1_yi_12.jpg,mask/yi/1_yi_12.jpg
24,train,minzu,gejia,2,1,"[0, 0, 1, 0, 0, 0, 0, 0, 0, 0]",2_gejia_1.jpg,data/train/gejia/2_gejia_1.jpg,mask/gejia/2_gejia_1.jpg
25,train,minzu,gejia,2,2,"[0, 0, 1, 0, 0, 0, 0, 0, 0, 0]",2_gejia_2.jpg,data/train/gejia/2_gejia_2.jpg,mask/gejia/2_gejia_2.jpg
26,train,minzu,gejia,2,3,"[0, 0, 1, 0, 0, 0, 0, 0, 0, 0]",2_gejia_3.jpg,data/train/gejia/2_gejia_3.jpg,mask/gejia/2_gejia_3.jpg
27,train,minzu,gejia,2,4,"[0, 0, 1, 0, 0, 0, 0, 0, 0, 0]",2_gejia_4.jpg,data/train/gejia/2_gejia_4.jpg,mask/gejia/2_gejia_4.jpg
28,train,minzu,gejia,2,5,"[0, 0, 1, 0, 0, 0, 0, 0, 0, 0]",2_gejia_5.jpg,data/train/gejia/2_gejia_5.jpg,mask/gejia/2_gejia_5.jpg
29,train,minzu,gejia,2,6,"[0, 0, 1, 0, 0, 0, 0, 0, 0, 0]",2_gejia_6.jpg,data/train/gejia/2_gejia_6.jpg,mask/gejia/2_gejia_6.jpg
30,train,minzu,gejia,2,7,"[0, 0, 1, 0, 0, 0, 0, 0, 0, 0]",2_gejia_7.jpg,data/train/gejia/2_gejia_7.jpg,mask/gejia/2_gejia_7.jpg
31,train,minzu,gejia,2,8,"[0, 0, 1, 0, 0, 0, 0, 0, 0, 0]",2_gejia_8.jpg,data/train/gejia/2_gejia_8.jpg,mask/gejia/2_gejia_8.jpg
32,train,minzu,gejia,2,9,"[0, 0, 1, 0, 0, 0, 0, 0, 0, 0]",2_gejia_9.jpg,data/train/gejia/2_gejia_9.jpg,mask/gejia/2_gejia_9.jpg
33,train,minzu,gejia,2,10,"[0, 0, 1, 0, 0, 0, 0, 0, 0, 0]",2_gejia_10.jpg,data/train/gejia/2_gejia_10.jpg,mask/gejia/2_gejia_10.jpg
34,train,minzu,gejia,2,11,"[0, 0, 1, 0, 0, 0, 0, 0, 0, 0]",2_gejia_11.jpg,data/train/gejia/2_gejia_11.jpg,mask/gejia/2_gejia_11.jpg
35,train,minzu,gejia,2,12,"[0, 0, 1, 0, 0, 0, 0, 0, 0, 0]",2_gejia_12.jpg,data/train/gejia/2_gejia_12.jpg,mask/gejia/2_gejia_12.jpg
36,train,minzu,menggu,3,1,"[0, 0, 0, 1, 0, 0, 0, 0, 0, 0]",3_menggu_1.jpg,data/train/menggu/3_menggu_1.jpg,mask/menggu/3_menggu_1.jpg
37,train,minzu,menggu,3,2,"[0, 0, 0, 1, 0, 0, 0, 0, 0, 0]",3_menggu_2.jpg,data/train/menggu/3_menggu_2.jpg,mask/menggu/3_menggu_2.jpg
38,train,minzu,menggu,3,3,"[0, 0, 0, 1, 0, 0, 0, 0, 0, 0]",3_menggu_3.jpg,data/train/menggu/3_menggu_3.jpg,mask/menggu/3_menggu_3.jpg
39,train,minzu,menggu,3,4,"[0, 0, 0, 1, 0, 0, 0, 0, 0, 0]",3_menggu_4.jpg,data/train/menggu/3_menggu_4.jpg,mask/menggu/3_menggu_4.jpg
40,train,minzu,menggu,3,5,"[0, 0, 0, 1, 0, 0, 0, 0, 0, 0]",3_menggu_5.jpg,data/train/menggu/3_menggu_5.jpg,mask/menggu/3_menggu_5.jpg
41,train,minzu,menggu,3,6,"[0, 0, 0, 1, 0, 0, 0, 0, 0, 0]",3_menggu_6.jpg,data/train/menggu/3_menggu_6.jpg,mask/menggu/3_menggu_6.jpg
42,train,minzu,menggu,3,7,"[0, 0, 0, 1, 0, 0, 0, 0, 0, 0]",3_menggu_7.jpg,data/train/menggu/3_menggu_7.jpg,mask/menggu/3_menggu_7.jpg
43,train,minzu,menggu,3,8,"[0, 0, 0, 1, 0, 0, 0, 0, 0, 0]",3_menggu_8.jpg,data/train/menggu/3_menggu_8.jpg,mask/menggu/3_menggu_8.jpg
44,train,minzu,menggu,3,9,"[0, 0, 0, 1, 0, 0, 0, 0, 0, 0]",3_menggu_9.jpg,data/train/menggu/3_menggu_9.jpg,mask/menggu/3_menggu_9.jpg
45,train,minzu,menggu,3,11,"[0, 0, 0, 1, 0, 0, 0, 0, 0, 0]",3_menggu_11.jpg,data/train/menggu/3_menggu_11.jpg,mask/menggu/3_menggu_11.jpg
46,train,minzu,menggu,3,12,"[0, 0, 0, 1, 0, 0, 0, 0, 0, 0]",3_menggu_12.jpg,data/train/menggu/3_menggu_12.jpg,mask/menggu/3_menggu_12.jpg
47,train,minzu,menggu,3,13,"[0, 0, 0, 1, 0, 0, 0, 0, 0, 0]",3_menggu_13.jpg,data/train/menggu/3_menggu_13.jpg,mask/menggu/3_menggu_13.jpg
48,train,minzu,chaoxian,4,1,"[0, 0, 0, 0, 1, 0, 0, 0, 0, 0]",4_chaoxian_1.jpg,data/train/chaoxian/4_chaoxian_1.jpg,mask/chaoxian/4_chaoxian_1.jpg
49,train,minzu,chaoxian,4,2,"[0, 0, 0, 0, 1, 0, 0, 0, 0, 0]",4_chaoxian_2.jpg,data/train/chaoxian/4_chaoxian_2.jpg,mask/chaoxian/4_chaoxian_2.jpg
50,train,minzu,chaoxian,4,3,"[0, 0, 0, 0, 1, 0, 0, 0, 0, 0]",4_chaoxian_3.jpg,data/train/chaoxian/4_chaoxian_3.jpg,mask/chaoxian/4_chaoxian_3.jpg
51,train,minzu,chaoxian,4,4,"[0, 0, 0, 0, 1, 0, 0, 0, 0, 0]",4_chaoxian_4.jpg,data/train/chaoxian/4_chaoxian_4.jpg,mask/chaoxian/4_chaoxian_4.jpg
52,train,minzu,chaoxian,4,5,"[0, 0, 0, 0, 1, 0, 0, 0, 0, 0]",4_chaoxian_5.jpg,data/train/chaoxian/4_chaoxian_5.jpg,mask/chaoxian/4_chaoxian_5.jpg
53,train,minzu,chaoxian,4,6,"[0, 0, 0, 0, 1, 0, 0, 0, 0, 0]",4_chaoxian_6.png,data/train/chaoxian/4_chaoxian_6.png,mask/chaoxian/4_chaoxian_6.png
54,train,minzu,chaoxian,4,7,"[0, 0, 0, 0, 1, 0, 0, 0, 0, 0]",4_chaoxian_7.png,data/train/chaoxian/4_chaoxian_7.png,mask/chaoxian/4_chaoxian_7.png
55,train,minzu,chaoxian,4,8,"[0, 0, 0, 0, 1, 0, 0, 0, 0, 0]",4_chaoxian_8.png,data/train/chaoxian/4_chaoxian_8.png,mask/chaoxian/4_chaoxian_8.png
56,train,minzu,chaoxian,4,9,"[0, 0, 0, 0, 1, 0, 0, 0, 0, 0]",4_chaoxian_9.png,data/train/chaoxian/4_chaoxian_9.png,mask/chaoxian/4_chaoxian_9.png
57,train,minzu,chaoxian,4,10,"[0, 0, 0, 0, 1, 0, 0, 0, 0, 0]",4_chaoxian_10.png,data/train/chaoxian/4_chaoxian_10.png,mask/chaoxian/4_chaoxian_10.png
58,train,minzu,chaoxian,4,11,"[0, 0, 0, 0, 1, 0, 0, 0, 0, 0]",4_chaoxian_11.png,data/train/chaoxian/4_chaoxian_11.png,mask/chaoxian/4_chaoxian_11.png
59,train,minzu,chaoxian,4,12,"[0, 0, 0, 0, 1, 0, 0, 0, 0, 0]",4_chaoxian_12.png,data/train/chaoxian/4_chaoxian_12.png,mask/chaoxian/4_chaoxian_12.png
60,test,minzu,miao,0,1,"[1, 0, 0, 0, 0, 0, 0, 0, 0, 0]",0_miao_v_1.png,data/test/miao/0_miao_v_1.png,-1
61,test,minzu,miao,0,2,"[1, 0, 0, 0, 0, 0, 0, 0, 0, 0]",0_miao_v_2.png,data/test/miao/0_miao_v_2.png,-1
62,test,minzu,miao,0,3,"[1, 0, 0, 0, 0, 0, 0, 0, 0, 0]",0_miao_v_3.png,data/test/miao/0_miao_v_3.png,-1
63,test,minzu,miao,0,4,"[1, 0, 0, 0, 0, 0, 0, 0, 0, 0]",0_miao_v_4.png,data/test/miao/0_miao_v_4.png,-1
64,test,minzu,miao,0,5,"[1, 0, 0, 0, 0, 0, 0, 0, 0, 0]",0_miao_v_5.png,data/test/miao/0_miao_v_5.png,-1
65,test,minzu,miao,0,6,"[1, 0, 0, 0, 0, 0, 0, 0, 0, 0]",0_miao_v_6.png,data/test/miao/0_miao_v_6.png,-1
66,test,minzu,miao,0,7,"[1, 0, 0, 0, 0, 0, 0, 0, 0, 0]",0_miao_v_7.png,data/test/miao/0_miao_v_7.png,-1
67,test,minzu,miao,0,8,"[1, 0, 0, 0, 0, 0, 0, 0, 0, 0]",0_miao_v_8.png,data/test/miao/0_miao_v_8.png,-1
68,test,minzu,miao,0,9,"[1, 0, 0, 0, 0, 0, 0, 0, 0, 0]",0_miao_v_9.png,data/test/miao/0_miao_v_9.png,-1
69,test,minzu,miao,0,10,"[1, 0, 0, 0, 0, 0, 0, 0, 0, 0]",0_miao_v_10.png,data/test/miao/0_miao_v_10.png,-1
70,test,minzu,miao,0,11,"[1, 0, 0, 0, 0, 0, 0, 0, 0, 0]",0_miao_v_11.png,data/test/miao/0_miao_v_11.png,-1
71,test,minzu,miao,0,12,"[1, 0, 0, 0, 0, 0, 0, 0, 0, 0]",0_miao_v_12.png,data/test/miao/0_miao_v_12.png,-1
72,test,minzu,miao,0,13,"[1, 0, 0, 0, 0, 0, 0, 0, 0, 0]",0_miao_v_13.png,data/test/miao/0_miao_v_13.png,-1
73,test,minzu,miao,0,14,"[1, 0, 0, 0, 0, 0, 0, 0, 0, 0]",0_miao_v_14.png,data/test/miao/0_miao_v_14.png,-1
74,test,minzu,miao,0,15,"[1, 0, 0, 0, 0, 0, 0, 0, 0, 0]",0_miao_v_15.png,data/test/miao/0_miao_v_15.png,-1
75,test,minzu,miao,0,16,"[1, 0, 0, 0, 0, 0, 0, 0, 0, 0]",0_miao_v_16.png,data/test/miao/0_miao_v_16.png,-1
76,test,minzu,miao,0,17,"[1, 0, 0, 0, 0, 0, 0, 0, 0, 0]",0_miao_v_17.png,data/test/miao/0_miao_v_17.png,-1
77,test,minzu,miao,0,18,"[1, 0, 0, 0, 0, 0, 0, 0, 0, 0]",0_miao_v_18.png,data/test/miao/0_miao_v_18.png,-1
78,test,minzu,miao,0,19,"[1, 0, 0, 0, 0, 0, 0, 0, 0, 0]",0_miao_v_19.png,data/test/miao/0_miao_v_19.png,-1
79,test,minzu,miao,0,20,"[1, 0, 0, 0, 0, 0, 0, 0, 0, 0]",0_miao_v_20.png,data/test/miao/0_miao_v_20.png,-1
80,test,minzu,miao,0,21,"[1, 0, 0, 0, 0, 0, 0, 0, 0, 0]",0_miao_v_21.png,data/test/miao/0_miao_v_21.png,-1
81,test,minzu,miao,0,22,"[1, 0, 0, 0, 0, 0, 0, 0, 0, 0]",0_miao_v_22.png,data/test/miao/0_miao_v_22.png,-1
82,test,minzu,miao,0,23,"[1, 0, 0, 0, 0, 0, 0, 0, 0, 0]",0_miao_v_23.png,data/test/miao/0_miao_v_23.png,-1
83,test,minzu,miao,0,24,"[1, 0, 0, 0, 0, 0, 0, 0, 0, 0]",0_miao_v_24.png,data/test/miao/0_miao_v_24.png,-1
84,test,minzu,miao,0,25,"[1, 0, 0, 0, 0, 0, 0, 0, 0, 0]",0_miao_v_25.png,data/test/miao/0_miao_v_25.png,-1
85,test,minzu,miao,0,26,"[1, 0, 0, 0, 0, 0, 0, 0, 0, 0]",0_miao_v_26.png,data/test/miao/0_miao_v_26.png,-1
86,test,minzu,miao,0,27,"[1, 0, 0, 0, 0, 0, 0, 0, 0, 0]",0_miao_v_27.png,data/test/miao/0_miao_v_27.png,-1
87,test,minzu,miao,0,28,"[1, 0, 0, 0, 0, 0, 0, 0, 0, 0]",0_miao_v_28.png,data/test/miao/0_miao_v_28.png,-1
88,test,minzu,miao,0,29,"[1, 0, 0, 0, 0, 0, 0, 0, 0, 0]",0_miao_v_29.png,data/test/miao/0_miao_v_29.png,-1
89,test,minzu,miao,0,30,"[1, 0, 0, 0, 0, 0, 0, 0, 0, 0]",0_miao_v_30.png,data/test/miao/0_miao_v_30.png,-1
90,test,minzu,miao,0,31,"[1, 0, 0, 0, 0, 0, 0, 0, 0, 0]",0_miao_v_31.png,data/test/miao/0_miao_v_31.png,-1
91,test,minzu,miao,0,32,"[1, 0, 0, 0, 0, 0, 0, 0, 0, 0]",0_miao_v_32.png,data/test/miao/0_miao_v_32.png,-1
92,test,minzu,miao,0,33,"[1, 0, 0, 0, 0, 0, 0, 0, 0, 0]",0_miao_v_33.png,data/test/miao/0_miao_v_33.png,-1
93,test,minzu,miao,0,34,"[1, 0, 0, 0, 0, 0, 0, 0, 0, 0]",0_miao_v_34.png,data/test/miao/0_miao_v_34.png,-1
94,test,minzu,miao,0,35,"[1, 0, 0, 0, 0, 0, 0, 0, 0, 0]",0_miao_v_35.png,data/test/miao/0_miao_v_35.png,-1
95,test,minzu,miao,0,36,"[1, 0, 0, 0, 0, 0, 0, 0, 0, 0]",0_miao_v_36.png,data/test/miao/0_miao_v_36.png,-1
96,test,minzu,miao,0,37,"[1, 0, 0, 0, 0, 0, 0, 0, 0, 0]",0_miao_v_37.png,data/test/miao/0_miao_v_37.png,-1
97,test,minzu,miao,0,38,"[1, 0, 0, 0, 0, 0, 0, 0, 0, 0]",0_miao_v_38.png,data/test/miao/0_miao_v_38.png,-1
98,test,minzu,miao,0,39,"[1, 0, 0, 0, 0, 0, 0, 0, 0, 0]",0_miao_v_39.png,data/test/miao/0_miao_v_39.png,-1
99,test,minzu,miao,0,40,"[1, 0, 0, 0, 0, 0, 0, 0, 0, 0]",0_miao_v_40.png,data/test/miao/0_miao_v_40.png,-1
100,test,minzu,yi,1,1,"[0, 1, 0, 0, 0, 0, 0, 0, 0, 0]",1_yi_v_1.png,data/test/yi/1_yi_v_1.png,-1
101,test,minzu,yi,1,2,"[0, 1, 0, 0, 0, 0, 0, 0, 0, 0]",1_yi_v_2.png,data/test/yi/1_yi_v_2.png,-1
102,test,minzu,yi,1,3,"[0, 1, 0, 0, 0, 0, 0, 0, 0, 0]",1_yi_v_3.png,data/test/yi/1_yi_v_3.png,-1
103,test,minzu,yi,1,4,"[0, 1, 0, 0, 0, 0, 0, 0, 0, 0]",1_yi_v_4.png,data/test/yi/1_yi_v_4.png,-1
104,test,minzu,yi,1,5,"[0, 1, 0, 0, 0, 0, 0, 0, 0, 0]",1_yi_v_5.png,data/test/yi/1_yi_v_5.png,-1
105,test,minzu,yi,1,6,"[0, 1, 0, 0, 0, 0, 0, 0, 0, 0]",1_yi_v_6.png,data/test/yi/1_yi_v_6.png,-1
106,test,minzu,yi,1,7,"[0, 1, 0, 0, 0, 0, 0, 0, 0, 0]",1_yi_v_7.png,data/test/yi/1_yi_v_7.png,-1
107,test,minzu,yi,1,8,"[0, 1, 0, 0, 0, 0, 0, 0, 0, 0]",1_yi_v_8.png,data/test/yi/1_yi_v_8.png,-1
108,test,minzu,yi,1,9,"[0, 1, 0, 0, 0, 0, 0, 0, 0, 0]",1_yi_v_9.png,data/test/yi/1_yi_v_9.png,-1
109,test,minzu,yi,1,10,"[0, 1, 0, 0, 0, 0, 0, 0, 0, 0]",1_yi_v_10.png,data/test/yi/1_yi_v_10.png,-1
110,test,minzu,yi,1,11,"[0, 1, 0, 0, 0, 0, 0, 0, 0, 0]",1_yi_v_11.png,data/test/yi/1_yi_v_11.png,-1
111,test,minzu,yi,1,12,"[0, 1, 0, 0, 0, 0, 0, 0, 0, 0]",1_yi_v_12.png,data/test/yi/1_yi_v_12.png,-1
112,test,minzu,yi,1,13,"[0, 1, 0, 0, 0, 0, 0, 0, 0, 0]",1_yi_v_13.png,data/test/yi/1_yi_v_13.png,-1
113,test,minzu,yi,1,14,"[0, 1, 0, 0, 0, 0, 0, 0, 0, 0]",1_yi_v_14.png,data/test/yi/1_yi_v_14.png,-1
114,test,minzu,yi,1,15,"[0, 1, 0, 0, 0, 0, 0, 0, 0, 0]",1_yi_v_15.png,data/test/yi/1_yi_v_15.png,-1
115,test,minzu,yi,1,16,"[0, 1, 0, 0, 0, 0, 0, 0, 0, 0]",1_yi_v_16.png,data/test/yi/1_yi_v_16.png,-1
116,test,minzu,yi,1,17,"[0, 1, 0, 0, 0, 0, 0, 0, 0, 0]",1_yi_v_17.png,data/test/yi/1_yi_v_17.png,-1
117,test,minzu,yi,1,18,"[0, 1, 0, 0, 0, 0, 0, 0, 0, 0]",1_yi_v_18.png,data/test/yi/1_yi_v_18.png,-1
118,test,minzu,yi,1,19,"[0, 1, 0, 0, 0, 0, 0, 0, 0, 0]",1_yi_v_19.png,data/test/yi/1_yi_v_19.png,-1
119,test,minzu,yi,1,20,"[0, 1, 0, 0, 0, 0, 0, 0, 0, 0]",1_yi_v_20.jpg,data/test/yi/1_yi_v_20.jpg,-1
120,test,minzu,yi,1,21,"[0, 1, 0, 0, 0, 0, 0, 0, 0, 0]",1_yi_v_21.jpg,data/test/yi/1_yi_v_21.jpg,-1
121,test,minzu,yi,1,22,"[0, 1, 0, 0, 0, 0, 0, 0, 0, 0]",1_yi_v_22.jpg,data/test/yi/1_yi_v_22.jpg,-1
122,test,minzu,yi,1,23,"[0, 1, 0, 0, 0, 0, 0, 0, 0, 0]",1_yi_v_23.png,data/test/yi/1_yi_v_23.png,-1
123,test,minzu,yi,1,24,"[0, 1, 0, 0, 0, 0, 0, 0, 0, 0]",1_yi_v_24.png,data/test/yi/1_yi_v_24.png,-1
124,test,minzu,yi,1,25,"[0, 1, 0, 0, 0, 0, 0, 0, 0, 0]",1_yi_v_25.png,data/test/yi/1_yi_v_25.png,-1
125,test,minzu,yi,1,26,"[0, 1, 0, 0, 0, 0, 0, 0, 0, 0]",1_yi_v_26.png,data/test/yi/1_yi_v_26.png,-1
126,test,minzu,yi,1,27,"[0, 1, 0, 0, 0, 0, 0, 0, 0, 0]",1_yi_v_27.png,data/test/yi/1_yi_v_27.png,-1
127,test,minzu,yi,1,28,"[0, 1, 0, 0, 0, 0, 0, 0, 0, 0]",1_yi_v_28.png,data/test/yi/1_yi_v_28.png,-1
128,test,minzu,yi,1,29,"[0, 1, 0, 0, 0, 0, 0, 0, 0, 0]",1_yi_v_29.png,data/test/yi/1_yi_v_29.png,-1
129,test,minzu,yi,1,30,"[0, 1, 0, 0, 0, 0, 0, 0, 0, 0]",1_yi_v_30.png,data/test/yi/1_yi_v_30.png,-1
130,test,minzu,yi,1,31,"[0, 1, 0, 0, 0, 0, 0, 0, 0, 0]",1_yi_v_31.png,data/test/yi/1_yi_v_31.png,-1
131,test,minzu,yi,1,32,"[0, 1, 0, 0, 0, 0, 0, 0, 0, 0]",1_yi_v_32.png,data/test/yi/1_yi_v_32.png,-1
132,test,minzu,yi,1,33,"[0, 1, 0, 0, 0, 0, 0, 0, 0, 0]",1_yi_v_33.png,data/test/yi/1_yi_v_33.png,-1
133,test,minzu,yi,1,34,"[0, 1, 0, 0, 0, 0, 0, 0, 0, 0]",1_yi_v_34.png,data/test/yi/1_yi_v_34.png,-1
134,test,minzu,yi,1,35,"[0, 1, 0, 0, 0, 0, 0, 0, 0, 0]",1_yi_v_35.png,data/test/yi/1_yi_v_35.png,-1
135,test,minzu,yi,1,36,"[0, 1, 0, 0, 0, 0, 0, 0, 0, 0]",1_yi_v_36.png,data/test/yi/1_yi_v_36.png,-1
136,test,minzu,yi,1,37,"[0, 1, 0, 0, 0, 0, 0, 0, 0, 0]",1_yi_v_37.png,data/test/yi/1_yi_v_37.png,-1
137,test,minzu,yi,1,38,"[0, 1, 0, 0, 0, 0, 0, 0, 0, 0]",1_yi_v_38.png,data/test/yi/1_yi_v_38.png,-1
138,test,minzu,yi,1,39,"[0, 1, 0, 0, 0, 0, 0, 0, 0, 0]",1_yi_v_39.png,data/test/yi/1_yi_v_39.png,-1
139,test,minzu,yi,1,40,"[0, 1, 0, 0, 0, 0, 0, 0, 0, 0]",1_yi_v_40.png,data/test/yi/1_yi_v_40.png,-1
140,test,minzu,gejia,2,1,"[0, 0, 1, 0, 0, 0, 0, 0, 0, 0]",2_gejia_v_1.png,data/test/gejia/2_gejia_v_1.png,-1
141,test,minzu,gejia,2,2,"[0, 0, 1, 0, 0, 0, 0, 0, 0, 0]",2_gejia_v_2.png,data/test/gejia/2_gejia_v_2.png,-1
142,test,minzu,gejia,2,3,"[0, 0, 1, 0, 0, 0, 0, 0, 0, 0]",2_gejia_v_3.png,data/test/gejia/2_gejia_v_3.png,-1
143,test,minzu,gejia,2,4,"[0, 0, 1, 0, 0, 0, 0, 0, 0, 0]",2_gejia_v_4.png,data/test/gejia/2_gejia_v_4.png,-1
144,test,minzu,gejia,2,5,"[0, 0, 1, 0, 0, 0, 0, 0, 0, 0]",2_gejia_v_5.png,data/test/gejia/2_gejia_v_5.png,-1
145,test,minzu,gejia,2,6,"[0, 0, 1, 0, 0, 0, 0, 0, 0, 0]",2_gejia_v_6.png,data/test/gejia/2_gejia_v_6.png,-1
146,test,minzu,gejia,2,7,"[0, 0, 1, 0, 0, 0, 0, 0, 0, 0]",2_gejia_v_7.png,data/test/gejia/2_gejia_v_7.png,-1
147,test,minzu,gejia,2,8,"[0, 0, 1, 0, 0, 0, 0, 0, 0, 0]",2_gejia_v_8.png,data/test/gejia/2_gejia_v_8.png,-1
148,test,minzu,gejia,2,9,"[0, 0, 1, 0, 0, 0, 0, 0, 0, 0]",2_gejia_v_9.png,data/test/gejia/2_gejia_v_9.png,-1
149,test,minzu,gejia,2,10,"[0, 0, 1, 0, 0, 0, 0, 0, 0, 0]",2_gejia_v_10.png,data/test/gejia/2_gejia_v_10.png,-1
150,test,minzu,gejia,2,11,"[0, 0, 1, 0, 0, 0, 0, 0, 0, 0]",2_gejia_v_11.png,data/test/gejia/2_gejia_v_11.png,-1
151,test,minzu,gejia,2,12,"[0, 0, 1, 0, 0, 0, 0, 0, 0, 0]",2_gejia_v_12.png,data/test/gejia/2_gejia_v_12.png,-1
152,test,minzu,gejia,2,13,"[0, 0, 1, 0, 0, 0, 0, 0, 0, 0]",2_gejia_v_13.png,data/test/gejia/2_gejia_v_13.png,-1
153,test,minzu,gejia,2,14,"[0, 0, 1, 0, 0, 0, 0, 0, 0, 0]",2_gejia_v_14.png,data/test/gejia/2_gejia_v_14.png,-1
154,test,minzu,gejia,2,15,"[0, 0, 1, 0, 0, 0, 0, 0, 0, 0]",2_gejia_v_15.png,data/test/gejia/2_gejia_v_15.png,-1
155,test,minzu,gejia,2,16,"[0, 0, 1, 0, 0, 0, 0, 0, 0, 0]",2_gejia_v_16.png,data/test/gejia/2_gejia_v_16.png,-1
156,test,minzu,gejia,2,17,"[0, 0, 1, 0, 0, 0, 0, 0, 0, 0]",2_gejia_v_17.png,data/test/gejia/2_gejia_v_17.png,-1
157,test,minzu,gejia,2,18,"[0, 0, 1, 0, 0, 0, 0, 0, 0, 0]",2_gejia_v_18.png,data/test/gejia/2_gejia_v_18.png,-1
158,test,minzu,gejia,2,19,"[0, 0, 1, 0, 0, 0, 0, 0, 0, 0]",2_gejia_v_19.png,data/test/gejia/2_gejia_v_19.png,-1
159,test,minzu,gejia,2,20,"[0, 0, 1, 0, 0, 0, 0, 0, 0, 0]",2_gejia_v_20.png,data/test/gejia/2_gejia_v_20.png,-1
160,test,minzu,gejia,2,21,"[0, 0, 1, 0, 0, 0, 0, 0, 0, 0]",2_gejia_v_21.png,data/test/gejia/2_gejia_v_21.png,-1
161,test,minzu,gejia,2,22,"[0, 0, 1, 0, 0, 0, 0, 0, 0, 0]",2_gejia_v_22.png,data/test/gejia/2_gejia_v_22.png,-1
162,test,minzu,gejia,2,23,"[0, 0, 1, 0, 0, 0, 0, 0, 0, 0]",2_gejia_v_23.png,data/test/gejia/2_gejia_v_23.png,-1
163,test,minzu,gejia,2,24,"[0, 0, 1, 0, 0, 0, 0, 0, 0, 0]",2_gejia_v_24.png,data/test/gejia/2_gejia_v_24.png,-1
164,test,minzu,gejia,2,25,"[0, 0, 1, 0, 0, 0, 0, 0, 0, 0]",2_gejia_v_25.png,data/test/gejia/2_gejia_v_25.png,-1
165,test,minzu,gejia,2,26,"[0, 0, 1, 0, 0, 0, 0, 0, 0, 0]",2_gejia_v_26.png,data/test/gejia/2_gejia_v_26.png,-1
166,test,minzu,gejia,2,27,"[0, 0, 1, 0, 0, 0, 0, 0, 0, 0]",2_gejia_v_27.png,data/test/gejia/2_gejia_v_27.png,-1
167,test,minzu,gejia,2,28,"[0, 0, 1, 0, 0, 0, 0, 0, 0, 0]",2_gejia_v_28.png,data/test/gejia/2_gejia_v_28.png,-1
168,test,minzu,gejia,2,29,"[0, 0, 1, 0, 0, 0, 0, 0, 0, 0]",2_gejia_v_29.png,data/test/gejia/2_gejia_v_29.png,-1
169,test,minzu,gejia,2,30,"[0, 0, 1, 0, 0, 0, 0, 0, 0, 0]",2_gejia_v_30.png,data/test/gejia/2_gejia_v_30.png,-1
170,test,minzu,gejia,2,31,"[0, 0, 1, 0, 0, 0, 0, 0, 0, 0]",2_gejia_v_31.png,data/test/gejia/2_gejia_v_31.png,-1
171,test,minzu,gejia,2,32,"[0, 0, 1, 0, 0, 0, 0, 0, 0, 0]",2_gejia_v_32.png,data/test/gejia/2_gejia_v_32.png,-1
172,test,minzu,gejia,2,33,"[0, 0, 1, 0, 0, 0, 0, 0, 0, 0]",2_gejia_v_33.png,data/test/gejia/2_gejia_v_33.png,-1
173,test,minzu,gejia,2,34,"[0, 0, 1, 0, 0, 0, 0, 0, 0, 0]",2_gejia_v_34.png,data/test/gejia/2_gejia_v_34.png,-1
174,test,minzu,gejia,2,35,"[0, 0, 1, 0, 0, 0, 0, 0, 0, 0]",2_gejia_v_35.png,data/test/gejia/2_gejia_v_35.png,-1
175,test,minzu,gejia,2,36,"[0, 0, 1, 0, 0, 0, 0, 0, 0, 0]",2_gejia_v_36.png,data/test/gejia/2_gejia_v_36.png,-1
176,test,minzu,gejia,2,37,"[0, 0, 1, 0, 0, 0, 0, 0, 0, 0]",2_gejia_v_37.png,data/test/gejia/2_gejia_v_37.png,-1
177,test,minzu,gejia,2,38,"[0, 0, 1, 0, 0, 0, 0, 0, 0, 0]",2_gejia_v_38.png,data/test/gejia/2_gejia_v_38.png,-1
178,test,minzu,gejia,2,39,"[0, 0, 1, 0, 0, 0, 0, 0, 0, 0]",2_gejia_v_39.png,data/test/gejia/2_gejia_v_39.png,-1
179,test,minzu,gejia,2,40,"[0, 0, 1, 0, 0, 0, 0, 0, 0, 0]",2_gejia_v_40.png,data/test/gejia/2_gejia_v_40.png,-1
180,test,minzu,menggu,3,1,"[0, 0, 0, 1, 0, 0, 0, 0, 0, 0]",3_menggu_v_1.png,data/test/menggu/3_menggu_v_1.png,-1
181,test,minzu,menggu,3,2,"[0, 0, 0, 1, 0, 0, 0, 0, 0, 0]",3_menggu_v_2.png,data/test/menggu/3_menggu_v_2.png,-1
182,test,minzu,menggu,3,3,"[0, 0, 0, 1, 0, 0, 0, 0, 0, 0]",3_menggu_v_3.png,data/test/menggu/3_menggu_v_3.png,-1
183,test,minzu,menggu,3,4,"[0, 0, 0, 1, 0, 0, 0, 0, 0, 0]",3_menggu_v_4.png,data/test/menggu/3_menggu_v_4.png,-1
184,test,minzu,menggu,3,5,"[0, 0, 0, 1, 0, 0, 0, 0, 0, 0]",3_menggu_v_5.png,data/test/menggu/3_menggu_v_5.png,-1
185,test,minzu,menggu,3,6,"[0, 0, 0, 1, 0, 0, 0, 0, 0, 0]",3_menggu_v_6.png,data/test/menggu/3_menggu_v_6.png,-1
186,test,minzu,menggu,3,7,"[0, 0, 0, 1, 0, 0, 0, 0, 0, 0]",3_menggu_v_7.png,data/test/menggu/3_menggu_v_7.png,-1
187,test,minzu,menggu,3,8,"[0, 0, 0, 1, 0, 0, 0, 0, 0, 0]",3_menggu_v_8.png,data/test/menggu/3_menggu_v_8.png,-1
188,test,minzu,menggu,3,9,"[0, 0, 0, 1, 0, 0, 0, 0, 0, 0]",3_menggu_v_9.png,data/test/menggu/3_menggu_v_9.png,-1
189,test,minzu,menggu,3,10,"[0, 0, 0, 1, 0, 0, 0, 0, 0, 0]",3_menggu_v_10.png,data/test/menggu/3_menggu_v_10.png,-1
190,test,minzu,menggu,3,11,"[0, 0, 0, 1, 0, 0, 0, 0, 0, 0]",3_menggu_v_11.png,data/test/menggu/3_menggu_v_11.png,-1
191,test,minzu,menggu,3,12,"[0, 0, 0, 1, 0, 0, 0, 0, 0, 0]",3_menggu_v_12.png,data/test/menggu/3_menggu_v_12.png,-1
192,test,minzu,menggu,3,13,"[0, 0, 0, 1, 0, 0, 0, 0, 0, 0]",3_menggu_v_13.png,data/test/menggu/3_menggu_v_13.png,-1
193,test,minzu,menggu,3,14,"[0, 0, 0, 1, 0, 0, 0, 0, 0, 0]",3_menggu_v_14.png,data/test/menggu/3_menggu_v_14.png,-1
194,test,minzu,menggu,3,15,"[0, 0, 0, 1, 0, 0, 0, 0, 0, 0]",3_menggu_v_15.png,data/test/menggu/3_menggu_v_15.png,-1
195,test,minzu,menggu,3,16,"[0, 0, 0, 1, 0, 0, 0, 0, 0, 0]",3_menggu_v_16.png,data/test/menggu/3_menggu_v_16.png,-1
196,test,minzu,menggu,3,17,"[0, 0, 0, 1, 0, 0, 0, 0, 0, 0]",3_menggu_v_17.png,data/test/menggu/3_menggu_v_17.png,-1
197,test,minzu,menggu,3,18,"[0, 0, 0, 1, 0, 0, 0, 0, 0, 0]",3_menggu_v_18.png,data/test/menggu/3_menggu_v_18.png,-1
198,test,minzu,menggu,3,19,"[0, 0, 0, 1, 0, 0, 0, 0, 0, 0]",3_menggu_v_19.png,data/test/menggu/3_menggu_v_19.png,-1
199,test,minzu,menggu,3,20,"[0, 0, 0, 1, 0, 0, 0, 0, 0, 0]",3_menggu_v_20.png,data/test/menggu/3_menggu_v_20.png,-1
200,test,minzu,menggu,3,21,"[0, 0, 0, 1, 0, 0, 0, 0, 0, 0]",3_menggu_v_21.png,data/test/menggu/3_menggu_v_21.png,-1
201,test,minzu,menggu,3,22,"[0, 0, 0, 1, 0, 0, 0, 0, 0, 0]",3_menggu_v_22.png,data/test/menggu/3_menggu_v_22.png,-1
202,test,minzu,menggu,3,23,"[0, 0, 0, 1, 0, 0, 0, 0, 0, 0]",3_menggu_v_23.png,data/test/menggu/3_menggu_v_23.png,-1
203,test,minzu,menggu,3,24,"[0, 0, 0, 1, 0, 0, 0, 0, 0, 0]",3_menggu_v_24.png,data/test/menggu/3_menggu_v_24.png,-1
204,test,minzu,menggu,3,25,"[0, 0, 0, 1, 0, 0, 0, 0, 0, 0]",3_menggu_v_25.png,data/test/menggu/3_menggu_v_25.png,-1
205,test,minzu,menggu,3,26,"[0, 0, 0, 1, 0, 0, 0, 0, 0, 0]",3_menggu_v_26.png,data/test/menggu/3_menggu_v_26.png,-1
206,test,minzu,menggu,3,27,"[0, 0, 0, 1, 0, 0, 0, 0, 0, 0]",3_menggu_v_27.png,data/test/menggu/3_menggu_v_27.png,-1
207,test,minzu,menggu,3,28,"[0, 0, 0, 1, 0, 0, 0, 0, 0, 0]",3_menggu_v_28.png,data/test/menggu/3_menggu_v_28.png,-1
208,test,minzu,menggu,3,29,"[0, 0, 0, 1, 0, 0, 0, 0, 0, 0]",3_menggu_v_29.png,data/test/menggu/3_menggu_v_29.png,-1
209,test,minzu,menggu,3,30,"[0, 0, 0, 1, 0, 0, 0, 0, 0, 0]",3_menggu_v_30.png,data/test/menggu/3_menggu_v_30.png,-1
210,test,minzu,menggu,3,31,"[0, 0, 0, 1, 0, 0, 0, 0, 0, 0]",3_menggu_v_31.png,data/test/menggu/3_menggu_v_31.png,-1
211,test,minzu,menggu,3,32,"[0, 0, 0, 1, 0, 0, 0, 0, 0, 0]",3_menggu_v_32.png,data/test/menggu/3_menggu_v_32.png,-1
212,test,minzu,menggu,3,33,"[0, 0, 0, 1, 0, 0, 0, 0, 0, 0]",3_menggu_v_33.png,data/test/menggu/3_menggu_v_33.png,-1
213,test,minzu,menggu,3,34,"[0, 0, 0, 1, 0, 0, 0, 0, 0, 0]",3_menggu_v_34.png,data/test/menggu/3_menggu_v_34.png,-1
214,test,minzu,menggu,3,35,"[0, 0, 0, 1, 0, 0, 0, 0, 0, 0]",3_menggu_v_35.png,data/test/menggu/3_menggu_v_35.png,-1
215,test,minzu,menggu,3,36,"[0, 0, 0, 1, 0, 0, 0, 0, 0, 0]",3_menggu_v_36.png,data/test/menggu/3_menggu_v_36.png,-1
216,test,minzu,menggu,3,37,"[0, 0, 0, 1, 0, 0, 0, 0, 0, 0]",3_menggu_v_37.png,data/test/menggu/3_menggu_v_37.png,-1
217,test,minzu,menggu,3,38,"[0, 0, 0, 1, 0, 0, 0, 0, 0, 0]",3_menggu_v_38.png,data/test/menggu/3_menggu_v_38.png,-1
218,test,minzu,menggu,3,39,"[0, 0, 0, 1, 0, 0, 0, 0, 0, 0]",3_menggu_v_39.png,data/test/menggu/3_menggu_v_39.png,-1
219,test,minzu,menggu,3,40,"[0, 0, 0, 1, 0, 0, 0, 0, 0, 0]",3_menggu_v_40.png,data/test/menggu/3_menggu_v_40.png,-1
220,test,minzu,chaoxian,4,1,"[0, 0, 0, 0, 1, 0, 0, 0, 0, 0]",4_chaoxian_v_1.jpg,data/test/chaoxian/4_chaoxian_v_1.jpg,-1
221,test,minzu,chaoxian,4,2,"[0, 0, 0, 0, 1, 0, 0, 0, 0, 0]",4_chaoxian_v_2.png,data/test/chaoxian/4_chaoxian_v_2.png,-1
222,test,minzu,chaoxian,4,3,"[0, 0, 0, 0, 1, 0, 0, 0, 0, 0]",4_chaoxian_v_3.png,data/test/chaoxian/4_chaoxian_v_3.png,-1
223,test,minzu,chaoxian,4,4,"[0, 0, 0, 0, 1, 0, 0, 0, 0, 0]",4_chaoxian_v_4.png,data/test/chaoxian/4_chaoxian_v_4.png,-1
224,test,minzu,chaoxian,4,5,"[0, 0, 0, 0, 1, 0, 0, 0, 0, 0]",4_chaoxian_v_5.png,data/test/chaoxian/4_chaoxian_v_5.png,-1
225,test,minzu,chaoxian,4,6,"[0, 0, 0, 0, 1, 0, 0, 0, 0, 0]",4_chaoxian_v_6.png,data/test/chaoxian/4_chaoxian_v_6.png,-1
226,test,minzu,chaoxian,4,7,"[0, 0, 0, 0, 1, 0, 0, 0, 0, 0]",4_chaoxian_v_7.png,data/test/chaoxian/4_chaoxian_v_7.png,-1
227,test,minzu,chaoxian,4,8,"[0, 0, 0, 0, 1, 0, 0, 0, 0, 0]",4_chaoxian_v_8.png,data/test/chaoxian/4_chaoxian_v_8.png,-1
228,test,minzu,chaoxian,4,9,"[0, 0, 0, 0, 1, 0, 0, 0, 0, 0]",4_chaoxian_v_9.png,data/test/chaoxian/4_chaoxian_v_9.png,-1
229,test,minzu,chaoxian,4,10,"[0, 0, 0, 0, 1, 0, 0, 0, 0, 0]",4_chaoxian_v_10.png,data/test/chaoxian/4_chaoxian_v_10.png,-1
230,test,minzu,chaoxian,4,11,"[0, 0, 0, 0, 1, 0, 0, 0, 0, 0]",4_chaoxian_v_11.png,data/test/chaoxian/4_chaoxian_v_11.png,-1
231,test,minzu,chaoxian,4,12,"[0, 0, 0, 0, 1, 0, 0, 0, 0, 0]",4_chaoxian_v_12.png,data/test/chaoxian/4_chaoxian_v_12.png,-1
232,test,minzu,chaoxian,4,13,"[0, 0, 0, 0, 1, 0, 0, 0, 0, 0]",4_chaoxian_v_13.png,data/test/chaoxian/4_chaoxian_v_13.png,-1
233,test,minzu,chaoxian,4,14,"[0, 0, 0, 0, 1, 0, 0, 0, 0, 0]",4_chaoxian_v_14.png,data/test/chaoxian/4_chaoxian_v_14.png,-1
234,test,minzu,chaoxian,4,15,"[0, 0, 0, 0, 1, 0, 0, 0, 0, 0]",4_chaoxian_v_15.png,data/test/chaoxian/4_chaoxian_v_15.png,-1
235,test,minzu,chaoxian,4,16,"[0, 0, 0, 0, 1, 0, 0, 0, 0, 0]",4_chaoxian_v_16.png,data/test/chaoxian/4_chaoxian_v_16.png,-1
236,test,minzu,chaoxian,4,17,"[0, 0, 0, 0, 1, 0, 0, 0, 0, 0]",4_chaoxian_v_17.png,data/test/chaoxian/4_chaoxian_v_17.png,-1
237,test,minzu,chaoxian,4,18,"[0, 0, 0, 0, 1, 0, 0, 0, 0, 0]",4_chaoxian_v_18.png,data/test/chaoxian/4_chaoxian_v_18.png,-1
238,test,minzu,chaoxian,4,19,"[0, 0, 0, 0, 1, 0, 0, 0, 0, 0]",4_chaoxian_v_19.png,data/test/chaoxian/4_chaoxian_v_19.png,-1
239,test,minzu,chaoxian,4,20,"[0, 0, 0, 0, 1, 0, 0, 0, 0, 0]",4_chaoxian_v_20.png,data/test/chaoxian/4_chaoxian_v_20.png,-1
240,test,minzu,chaoxian,4,21,"[0, 0, 0, 0, 1, 0, 0, 0, 0, 0]",4_chaoxian_v_21.png,data/test/chaoxian/4_chaoxian_v_21.png,-1
241,test,minzu,chaoxian,4,22,"[0, 0, 0, 0, 1, 0, 0, 0, 0, 0]",4_chaoxian_v_22.png,data/test/chaoxian/4_chaoxian_v_22.png,-1
242,test,minzu,chaoxian,4,23,"[0, 0, 0, 0, 1, 0, 0, 0, 0, 0]",4_chaoxian_v_23.png,data/test/chaoxian/4_chaoxian_v_23.png,-1
243,test,minzu,chaoxian,4,24,"[0, 0, 0, 0, 1, 0, 0, 0, 0, 0]",4_chaoxian_v_24.png,data/test/chaoxian/4_chaoxian_v_24.png,-1
244,test,minzu,chaoxian,4,25,"[0, 0, 0, 0, 1, 0, 0, 0, 0, 0]",4_chaoxian_v_25.jpg,data/test/chaoxian/4_chaoxian_v_25.jpg,-1
245,test,minzu,chaoxian,4,26,"[0, 0, 0, 0, 1, 0, 0, 0, 0, 0]",4_chaoxian_v_26.jpg,data/test/chaoxian/4_chaoxian_v_26.jpg,-1
246,test,minzu,chaoxian,4,27,"[0, 0, 0, 0, 1, 0, 0, 0, 0, 0]",4_chaoxian_v_27.jpg,data/test/chaoxian/4_chaoxian_v_27.jpg,-1
247,test,minzu,chaoxian,4,28,"[0, 0, 0, 0, 1, 0, 0, 0, 0, 0]",4_chaoxian_v_28.png,data/test/chaoxian/4_chaoxian_v_28.png,-1
248,test,minzu,chaoxian,4,29,"[0, 0, 0, 0, 1, 0, 0, 0, 0, 0]",4_chaoxian_v_29.jpg,data/test/chaoxian/4_chaoxian_v_29.jpg,-1
249,test,minzu,chaoxian,4,30,"[0, 0, 0, 0, 1, 0, 0, 0, 0, 0]",4_chaoxian_v_30.jpg,data/test/chaoxian/4_chaoxian_v_30.jpg,-1
